{
	"configs" : [
		{
			"remarks" : "T1-1|香港1<-宿迁移动|隧道|NF(1)",
			"id" : "58E1C57FEB69DB4C1E06714A7ACE43DB",
			"server" : "CMT.SSRSS.CLUB",
			"server_port" : 55051,
			"server_udp_port" : 0,
			"password" : "ssrssml",
			"method" : "chacha20-ietf",
			"protocol" : "auth_aes128_md5",
			"protocolparam" : "28627:PZea5D",
			"obfs" : "plain",
			"obfsparam" : "",
			"remarks_base64" : "VDEtMXzpppnmuK8xPC3lrr_ov4Hnp7vliqh86Zqn6YGTfE5GKDEp",
			"group" : "SSRSS",
			"enable" : true,
			"udp_over_tcp" : false
		},
		{
			"remarks" : "T2-1|香港2<-宿迁移动|隧道|NF(1)",
			"id" : "D445102B079F1A8CE0D14FF76AB1E150",
			"server" : "CMT.SSRSS.CLUB",
			"server_port" : 55052,
			"server_udp_port" : 0,
			"password" : "ssrssml",
			"method" : "chacha20-ietf",
			"protocol" : "auth_aes128_md5",
			"protocolparam" : "28627:PZea5D",
			"obfs" : "plain",
			"obfsparam" : "",
			"remarks_base64" : "VDItMXzpppnmuK8yPC3lrr_ov4Hnp7vliqh86Zqn6YGTfE5GKDEp",
			"group" : "SSRSS",
			"enable" : true,
			"udp_over_tcp" : false
		},
		{
			"remarks" : "T3-1|香港3<-宿迁移动|隧道|NF(1)",
			"id" : "F3BFC82ED1D008542BF49A644BD136A6",
			"server" : "CMT.SSRSS.CLUB",
			"server_port" : 55053,
			"server_udp_port" : 0,
			"password" : "ssrssml",
			"method" : "chacha20-ietf",
			"protocol" : "auth_aes128_md5",
			"protocolparam" : "28627:PZea5D",
			"obfs" : "plain",
			"obfsparam" : "",
			"remarks_base64" : "VDMtMXzpppnmuK8zPC3lrr_ov4Hnp7vliqh86Zqn6YGTfE5GKDEp",
			"group" : "SSRSS",
			"enable" : true,
			"udp_over_tcp" : false
		},
		{
			"remarks" : "T5-1|日本1<-宿迁移动|隧道|NF(1)",
			"id" : "0C40913E948427D40D41793AF166EAA8",
			"server" : "CMT.SSRSS.CLUB",
			"server_port" : 55055,
			"server_udp_port" : 0,
			"password" : "ssrssml",
			"method" : "chacha20-ietf",
			"protocol" : "auth_aes128_md5",
			"protocolparam" : "28627:PZea5D",
			"obfs" : "plain",
			"obfsparam" : "",
			"remarks_base64" : "VDUtMXzml6XmnKwxPC3lrr_ov4Hnp7vliqh86Zqn6YGTfE5GKDEp",
			"group" : "SSRSS",
			"enable" : true,
			"udp_over_tcp" : false
		},
		{
			"remarks" : "T7-2|香港6<-镇江三线|隧道(1)",
			"id" : "62E6C0E3248B58E8A9F41803D83E93FF",
			"server" : "CUT.SSRSS.CLUB",
			"server_port" : 55057,
			"server_udp_port" : 0,
			"password" : "ssrssml",
			"method" : "chacha20-ietf",
			"protocol" : "auth_aes128_md5",
			"protocolparam" : "28627:PZea5D",
			"obfs" : "plain",
			"obfsparam" : "",
			"remarks_base64" : "VDctMnzpppnmuK82PC3plYfmsZ_kuInnur986Zqn6YGTKDEp",
			"group" : "SSRSS",
			"enable" : true,
			"udp_over_tcp" : false
		},
		{
			"remarks" : "T9-1|新加坡<-宿迁移动|隧道|NF(1)",
			"id" : "C2D9BB2BBAF76DD5CF90A70240B24128",
			"server" : "CMT.SSRSS.CLUB",
			"server_port" : 55059,
			"server_udp_port" : 0,
			"password" : "ssrssml",
			"method" : "chacha20-ietf",
			"protocol" : "auth_aes128_md5",
			"protocolparam" : "28627:PZea5D",
			"obfs" : "plain",
			"obfsparam" : "",
			"remarks_base64" : "VDktMXzmlrDliqDlnaE8LeWuv-i_geenu-WKqHzpmqfpgZN8TkYoMSk",
			"group" : "SSRSS",
			"enable" : true,
			"udp_over_tcp" : false
		},
		{
			"remarks" : "香港1-HKT家宽动态1G独享-NF(1)",
			"id" : "F85908ED2E3AA61DE5406C94ADF98A0B",
			"server" : "HKT.SSRSS.CLUB",
			"server_port" : 33306,
			"server_udp_port" : 0,
			"password" : "ssrssml",
			"method" : "chacha20-ietf",
			"protocol" : "auth_aes128_md5",
			"protocolparam" : "28627:PZea5D",
			"obfs" : "http_simple",
			"obfsparam" : "download.windowsupdate.com",
			"remarks_base64" : "6aaZ5rivMS1IS1Tlrrblrr3liqjmgIExR-eLrOS6qy1ORigxKQ",
			"group" : "SSRSS",
			"enable" : true,
			"udp_over_tcp" : false
		},
		{
			"remarks" : "香港2-WTT商宽托管1G独享-NF(1)",
			"id" : "DAA6D1F697DA093A6931E644949F745A",
			"server" : "WTT.SSRSS.CLUB",
			"server_port" : 33306,
			"server_udp_port" : 0,
			"password" : "ssrssml",
			"method" : "chacha20-ietf",
			"protocol" : "auth_aes128_md5",
			"protocolparam" : "28627:PZea5D",
			"obfs" : "http_simple",
			"obfsparam" : "download.windowsupdate.com",
			"remarks_base64" : "6aaZ5rivMi1XVFTllYblrr3miZjnrqExR-eLrOS6qy1ORigxKQ",
			"group" : "SSRSS",
			"enable" : true,
			"udp_over_tcp" : false
		},
		{
			"remarks" : "香港3-HKBN家宽动态1G独享-NF(1)",
			"id" : "792940B12360652FFB0FCEA50F695F84",
			"server" : "HKBN.SSRSS.CLUB",
			"server_port" : 33306,
			"server_udp_port" : 0,
			"password" : "ssrssml",
			"method" : "chacha20-ietf",
			"protocol" : "auth_aes128_md5",
			"protocolparam" : "28627:PZea5D",
			"obfs" : "http_simple",
			"obfsparam" : "download.windowsupdate.com",
			"remarks_base64" : "6aaZ5rivMy1IS0JO5a625a695Yqo5oCBMUfni6zkuqstTkYoMSk",
			"group" : "SSRSS",
			"enable" : true,
			"udp_over_tcp" : false
		},
		{
			"remarks" : "香港4-微软Azure-1G独享-NF(1)",
			"id" : "2DDF7D2486BFC0929EB5984A53D2D92A",
			"server" : "HKBN1.SSRSS.CLUB",
			"server_port" : 33306,
			"server_udp_port" : 0,
			"password" : "ssrssml",
			"method" : "chacha20-ietf",
			"protocol" : "auth_aes128_md5",
			"protocolparam" : "28627:PZea5D",
			"obfs" : "http_simple",
			"obfsparam" : "download.windowsupdate.com",
			"remarks_base64" : "6aaZ5rivNC3lvq7ova9BenVyZS0xR-eLrOS6qy1ORigxKQ",
			"group" : "SSRSS",
			"enable" : true,
			"udp_over_tcp" : false
		}
	],
	"index" : 2,
	"random" : false,
	"sysProxyMode" : 3,
	"shareOverLan" : false,
	"localPort" : 1080,
	"localAuthPassword" : "i2frEO_lgFtbbZVNUFLm",
	"dnsServer" : "",
	"reconnectTimes" : 2,
	"randomAlgorithm" : 3,
	"randomInGroup" : false,
	"TTL" : 0,
	"connectTimeout" : 5,
	"proxyRuleMode" : 2,
	"proxyEnable" : false,
	"pacDirectGoProxy" : false,
	"proxyType" : 0,
	"proxyHost" : null,
	"proxyPort" : 0,
	"proxyAuthUser" : null,
	"proxyAuthPass" : null,
	"proxyUserAgent" : null,
	"authUser" : null,
	"authPass" : null,
	"autoBan" : false,
	"sameHostForSameTarget" : true,
	"keepVisitTime" : 180,
	"isHideTips" : false,
	"nodeFeedAutoUpdate" : false,
	"serverSubscribes" : [
		{
			"URL" : "https://ssrss.tk/subscribe/6S4Xb",
			"Group" : "SSRSS"
		},
		{
			"URL" : "https://ssrss.de/s/6S4Xb",
			"Group" : ""
		}
	],
	"token" : {

	},
	"portMap" : {

	}
}